id,first_name,last_name,email,gender,ip_address
1,Bert,Lafont,blafont0@digg.com,Male,13.37.100.116
2,Fair,Geeson,fgeeson1@ucla.edu,Male,238.52.77.188
3,Germayne,Bartosek,gbartosek2@themeforest.net,Male,153.11.100.93
4,Burl,Hiscoke,bhiscoke3@narod.ru,Male,77.88.254.49
5,Marve,Hendrickx,mhendrickx4@mediafire.com,Male,93.255.206.141
6,Carmella,Hurnell,churnell5@weebly.com,Female,0.145.185.85
7,Tammie,Larkin,tlarkin6@purevolume.com,Female,218.25.146.116
8,Barthel,Purchall,bpurchall7@scribd.com,Male,234.220.73.28
9,Prescott,Schollar,pschollar8@yahoo.com,Polygender,81.2.211.198
10,Vivyan,Guymer,vguymer9@canalblog.com,Female,249.169.138.208
11,Tod,Braunter,tbrauntera@salon.com,Male,194.216.175.191
12,Derry,Vayne,dvayneb@about.com,Male,204.147.46.186
13,Zebulon,Mityushin,zmityushinc@fda.gov,Genderqueer,106.45.41.88
14,Catlin,Gosenell,cgosenelld@nhs.uk,Female,180.91.249.193
15,Violette,Tschierse,vtschiersee@cisco.com,Female,9.221.214.223
16,Elinor,Runciman,eruncimanf@about.me,Female,29.41.243.252
17,Devi,Ferneley,dferneleyg@slideshare.net,Bigender,188.9.163.21
18,Sharl,Peile,speileh@quantcast.com,Female,34.53.68.13
19,Durante,Bickmore,dbickmorei@canalblog.com,Genderqueer,23.121.38.10
20,Aggi,Petrolli,apetrollij@ucsd.edu,Female,72.101.146.9
21,Halie,McCathy,hmccathyk@topsy.com,Female,134.190.79.156
22,Alix,Grand,agrandl@goo.gl,Female,22.244.204.215
23,Loralie,Dolder,ldolderm@auda.org.au,Female,201.211.159.64
24,Annabela,Pauletto,apauletton@tuttocitta.it,Female,113.76.247.191
25,Niall,Antonijevic,nantonijevico@amazonaws.com,Male,94.240.151.220
26,Alvis,Leece,aleecep@ustream.tv,Male,109.46.123.145
27,Rogers,Wooderson,rwoodersonq@hatena.ne.jp,Male,168.210.233.168
28,Trude,Chevers,tcheversr@tamu.edu,Female,167.118.85.100
29,Lorianna,Antonignetti,lantonignettis@smugmug.com,Female,104.42.66.252
30,Florentia,Dunlop,fdunlopt@hubpages.com,Non-binary,223.212.64.216
31,Serge,Brugmann,sbrugmannu@newsvine.com,Male,212.247.167.86
32,Bobby,Enns,bennsv@addtoany.com,Male,200.185.14.163
33,Barney,Greschik,bgreschikw@godaddy.com,Genderqueer,160.117.198.68
34,Sosanna,Matthai,smatthaix@google.com.hk,Female,97.121.7.38
35,Tricia,Towne,ttowney@stumbleupon.com,Female,0.216.35.79
36,Noelani,St Ledger,nstledgerz@google.co.uk,Female,226.144.90.43
37,Sadye,Showler,sshowler10@netvibes.com,Female,110.239.249.135
38,Algernon,Poland,apoland11@sohu.com,Male,22.107.247.26
39,Mathian,Camlin,mcamlin12@slashdot.org,Male,177.236.245.59
40,Linnet,Mulryan,lmulryan13@smh.com.au,Female,126.10.34.30
41,Rubina,Sheldrake,rsheldrake14@foxnews.com,Female,150.149.201.208
42,Kingsley,Castle,kcastle15@themeforest.net,Male,69.2.225.17
43,Elysia,Mower,emower16@earthlink.net,Female,227.46.234.117
44,Keene,Davidov,kdavidov17@examiner.com,Male,163.19.82.96
45,Magnum,Autry,mautry18@ox.ac.uk,Male,211.157.20.117
46,Richard,Duncan,rduncan19@marketwatch.com,Male,140.203.108.164
47,Clark,Osborn,cosborn1a@ycombinator.com,Male,110.117.155.100
48,Ronnie,Chapling,rchapling1b@latimes.com,Bigender,171.202.6.192
49,Cornelia,Swatton,cswatton1c@shop-pro.jp,Female,82.98.26.147
50,Karrah,Wermerling,kwermerling1d@biblegateway.com,Female,38.228.153.231
51,Harlin,Tantum,htantum1e@drupal.org,Male,183.239.225.178
52,Sophie,Hodgins,shodgins1f@cornell.edu,Female,108.4.125.178
53,Celle,Abrashkin,cabrashkin1g@wufoo.com,Female,163.45.246.202
54,Myrle,Lansley,mlansley1h@upenn.edu,Female,247.23.167.192
55,Cornelia,Gosney,cgosney1i@apache.org,Female,122.186.12.56
56,Winonah,Humble,whumble1j@thetimes.co.uk,Female,210.11.140.191
57,Clementina,Ravilus,cravilus1k@spiegel.de,Female,176.41.122.18
58,Merv,Semiraz,msemiraz1l@webnode.com,Male,48.171.55.214
59,Giffy,Bunstone,gbunstone1m@fda.gov,Male,182.134.137.251
60,Cory,Kigelman,ckigelman1n@hubpages.com,Male,51.194.51.241
61,Teddie,Lune,tlune1o@flickr.com,Male,35.123.86.20
62,Rafi,Rewcassell,rrewcassell1p@netvibes.com,Male,207.185.34.186
63,Odelinda,Dwire,odwire1q@ocn.ne.jp,Female,131.53.249.204
64,Rees,Laborde,rlaborde1r@cornell.edu,Male,111.157.87.153
65,Roxane,Caroll,rcaroll1s@photobucket.com,Female,118.236.43.152
66,Robina,Whitland,rwhitland1t@pcworld.com,Female,51.171.152.4
67,Rouvin,Pye,rpye1u@cbslocal.com,Genderqueer,200.59.217.165
68,Farrah,Gladwell,fgladwell1v@mail.ru,Female,127.221.219.68
69,Nathaniel,Lambal,nlambal1w@unicef.org,Male,249.50.165.140
70,Amber,Dewberry,adewberry1x@businesswire.com,Female,14.187.115.56
71,Salim,Maass,smaass1y@sitemeter.com,Male,62.188.148.15
72,Any,Audsley,aaudsley1z@jugem.jp,Male,232.232.235.110
73,Taryn,O'Criane,tocriane20@statcounter.com,Female,234.19.82.60
74,Reamonn,Shillaber,rshillaber21@dagondesign.com,Male,179.232.89.133
75,Saleem,Iowarch,siowarch22@etsy.com,Male,32.82.22.126
76,Maximilien,Garth,mgarth23@live.com,Male,30.97.172.65
77,Dillie,Kopelman,dkopelman24@skype.com,Male,203.7.160.178
78,Sephira,Winridge,swinridge25@chronoengine.com,Female,61.73.13.103
79,Dierdre,Summerson,dsummerson26@cdbaby.com,Female,73.237.110.95
80,Julissa,Shimmings,jshimmings27@va.gov,Female,164.94.170.138
81,Welbie,Faircloth,wfaircloth28@typepad.com,Male,56.227.85.9
82,Wolfy,Caldecourt,wcaldecourt29@bizjournals.com,Bigender,231.181.13.110
83,Harcourt,Scedall,hscedall2a@forbes.com,Male,61.0.7.132
84,Wheeler,MacNucator,wmacnucator2b@cisco.com,Male,0.20.178.239
85,Austin,Eccleston,aeccleston2c@senate.gov,Female,70.167.112.92
86,Adair,MacCourt,amaccourt2d@apache.org,Male,98.7.42.201
87,Zedekiah,Stanbury,zstanbury2e@ibm.com,Male,243.154.242.106
88,Nico,Fennessy,nfennessy2f@umn.edu,Male,184.151.207.113
89,Binny,Ferriby,bferriby2g@icio.us,Female,25.5.17.51
90,Jo-anne,Stutard,jstutard2h@rakuten.co.jp,Female,87.90.152.248
91,Randi,Jansen,rjansen2i@examiner.com,Genderqueer,50.16.198.128
92,Ingemar,Leverett,ileverett2j@businessinsider.com,Male,21.163.153.176
93,Ermanno,Proske,eproske2k@delicious.com,Male,108.254.198.37
94,Teressa,Gouinlock,tgouinlock2l@mlb.com,Female,197.9.29.230
95,Colene,Costin,ccostin2m@studiopress.com,Female,112.227.82.169
96,Francine,Ahrenius,fahrenius2n@tiny.cc,Female,14.158.182.26
97,Thor,Pally,tpally2o@sitemeter.com,Male,26.162.107.32
98,Trueman,Edlyne,tedlyne2p@printfriendly.com,Male,28.135.224.85
99,Jens,Pepys,jpepys2q@angelfire.com,Male,178.147.12.210
100,Ashton,Bezley,abezley2r@cocolog-nifty.com,Male,230.114.143.76
101,Craggie,Longford,clongford2s@desdev.cn,Male,110.171.132.108
102,Dewey,Coddington,dcoddington2t@answers.com,Genderqueer,130.146.189.209
103,Marlon,Boon,mboon2u@msu.edu,Male,126.128.231.250
104,Hogan,Sukbhans,hsukbhans2v@purevolume.com,Male,93.52.150.67
105,Yorke,Roalfe,yroalfe2w@1und1.de,Male,203.203.187.132
106,Laura,Kidgell,lkidgell2x@shinystat.com,Female,220.220.232.125
107,Alexio,Rosengart,arosengart2y@hatena.ne.jp,Non-binary,75.39.197.47
108,Dana,Mathews,dmathews2z@canalblog.com,Female,106.229.54.215
109,Horatius,Stit,hstit30@desdev.cn,Non-binary,239.28.45.233
110,Osbourn,Voice,ovoice31@spotify.com,Male,44.86.144.198
111,Wallis,Exrol,wexrol32@google.fr,Female,178.219.93.104
112,Frankie,Brownsell,fbrownsell33@springer.com,Male,71.218.152.67
113,Adriane,Wainscot,awainscot34@clickbank.net,Female,207.27.63.237
114,Wynn,Claeskens,wclaeskens35@tamu.edu,Male,56.81.63.65
115,Kahlil,Giacometti,kgiacometti36@economist.com,Male,148.82.96.237
116,Delila,Hatherell,dhatherell37@de.vu,Female,171.24.26.210
117,Thor,Pruce,tpruce38@opera.com,Male,205.56.196.238
118,Allie,Van den Oord,avandenoord39@nationalgeographic.com,Female,148.107.27.141
119,Prisca,Underwood,punderwood3a@blogs.com,Female,94.61.103.32
120,Winnie,Steinor,wsteinor3b@biglobe.ne.jp,Female,42.52.130.135
121,Mandy,Alexsandrowicz,malexsandrowicz3c@netvibes.com,Female,154.117.18.93
122,Tomkin,Gedge,tgedge3d@bravesites.com,Male,159.168.61.66
123,Tyson,Luddy,tluddy3e@qq.com,Male,111.202.33.243
124,Susie,Botwright,sbotwright3f@etsy.com,Female,208.8.92.60
125,Dodie,Aleksankin,daleksankin3g@ustream.tv,Female,186.231.195.26
126,Dalli,Attwool,dattwool3h@hhs.gov,Male,118.129.106.67
127,Shem,Spenley,sspenley3i@t-online.de,Genderfluid,243.85.4.206
128,Jory,Copperwaite,jcopperwaite3j@google.de,Male,219.234.82.242
129,Cullin,Chatterton,cchatterton3k@constantcontact.com,Male,192.136.219.26
130,Nicholle,Suerz,nsuerz3l@omniture.com,Female,218.68.114.24
131,Bar,Keoghane,bkeoghane3m@answers.com,Male,67.153.237.59
132,Arch,De Gogay,adegogay3n@123-reg.co.uk,Male,148.236.177.174
133,Anna-diana,Wisdish,awisdish3o@wufoo.com,Female,127.226.60.36
134,Normie,Jacob,njacob3p@github.com,Male,221.210.202.94
135,Gae,Seston,gseston3q@woothemes.com,Female,153.158.58.11
136,Doyle,Lanmeid,dlanmeid3r@businessinsider.com,Male,9.31.4.136
137,Rolph,Rawstorn,rrawstorn3s@msu.edu,Male,55.99.244.123
138,Brooks,Canfer,bcanfer3t@google.pl,Female,171.47.230.46
139,Dyana,Dahlborg,ddahlborg3u@walmart.com,Female,186.24.94.96
140,Reynolds,Cescoti,rcescoti3v@guardian.co.uk,Male,32.221.103.180
141,Nikoletta,Jozsa,njozsa3w@wikispaces.com,Female,70.136.167.141
142,Osgood,Orriss,oorriss3x@unc.edu,Agender,126.8.140.248
143,Oralee,Conybear,oconybear3y@examiner.com,Female,18.237.116.140
144,Edmund,Evershed,eevershed3z@tiny.cc,Male,233.143.74.107
145,Brit,Hekkert,bhekkert40@google.com.br,Male,148.165.177.76
146,Orazio,Beet,obeet41@vk.com,Male,150.27.110.235
147,Cly,Cramb,ccramb42@google.nl,Male,28.23.194.148
148,Chandra,Feldberg,cfeldberg43@123-reg.co.uk,Female,77.124.86.40
149,Ferdinande,Hurdidge,fhurdidge44@nyu.edu,Female,135.161.113.189
150,Merrili,Lorand,mlorand45@blogspot.com,Female,150.3.180.23
151,Sholom,McLagain,smclagain46@i2i.jp,Male,96.219.112.116
152,Grantley,Winter,gwinter47@issuu.com,Polygender,71.129.215.119
153,Elyse,Vasyunin,evasyunin48@epa.gov,Female,60.23.112.137
154,Aveline,Riediger,ariediger49@de.vu,Female,58.191.173.174
155,Padgett,Pavyer,ppavyer4a@moonfruit.com,Male,183.143.159.62
156,Shelden,Loynton,sloynton4b@icio.us,Male,150.159.128.193
157,Georgi,Lampett,glampett4c@home.pl,Male,160.223.181.148
158,Sergent,Moden,smoden4d@comcast.net,Male,67.187.58.220
159,Janaya,Dixon,jdixon4e@youtu.be,Female,168.166.17.6
160,Ricardo,Bardell,rbardell4f@bloomberg.com,Male,198.32.34.23
161,Gaye,Driver,gdriver4g@columbia.edu,Female,148.126.177.135
162,Pavla,Ledes,pledes4h@ftc.gov,Female,67.18.197.28
163,Patricio,Lifsey,plifsey4i@blog.com,Male,73.36.179.251
164,Marcus,Gillis,mgillis4j@qq.com,Male,124.64.57.225
165,Tybie,Klugman,tklugman4k@fda.gov,Genderfluid,85.131.14.98
166,Clarke,Pautot,cpautot4l@blogspot.com,Male,38.58.165.150
167,Gran,Stevings,gstevings4m@comcast.net,Male,168.65.70.157
168,Konstanze,Ramalho,kramalho4n@usda.gov,Female,183.88.175.59
169,Danice,Arnow,darnow4o@google.co.jp,Female,77.208.145.50
170,Had,Switland,hswitland4p@skype.com,Male,183.94.173.121
171,Shelby,Phillp,sphillp4q@vistaprint.com,Male,174.121.227.206
172,Leanora,Skuse,lskuse4r@plala.or.jp,Female,249.176.6.202
173,Clarey,Frankiss,cfrankiss4s@gravatar.com,Female,145.209.150.24
174,Chrisse,Wimlet,cwimlet4t@home.pl,Male,82.226.25.118
175,Pauli,Boice,pboice4u@ucsd.edu,Female,74.88.1.254
176,Karleen,Sinfield,ksinfield4v@wordpress.org,Female,146.52.104.61
177,Arnoldo,Chastagnier,achastagnier4w@deviantart.com,Non-binary,164.116.172.203
178,Rriocard,Giblin,rgiblin4x@aol.com,Male,3.153.166.21
179,Lemuel,Hockell,lhockell4y@buzzfeed.com,Male,63.88.92.208
180,Nicolis,Pulford,npulford4z@quantcast.com,Male,199.234.18.125
181,Buddie,Phlipon,bphlipon50@nps.gov,Male,85.0.60.108
182,Rhoda,Toffts,rtoffts51@va.gov,Female,223.41.86.77
183,Marius,Strowan,mstrowan52@cloudflare.com,Male,150.211.174.117
184,Laurie,Stoffel,lstoffel53@elegantthemes.com,Male,60.52.82.88
185,Robyn,Diffley,rdiffley54@mtv.com,Female,207.26.215.50
186,Maurita,Matczak,mmatczak55@harvard.edu,Female,29.244.3.75
187,Jerrome,Rontsch,jrontsch56@soup.io,Male,206.182.227.17
188,Margeaux,Repper,mrepper57@cisco.com,Female,70.178.98.20
189,Valle,Farragher,vfarragher58@ustream.tv,Male,25.23.183.64
190,Rab,Fromont,rfromont59@sina.com.cn,Male,169.210.197.216
191,Cicely,Iannuzzelli,ciannuzzelli5a@wordpress.org,Female,87.106.190.103
192,Gardner,Graundisson,ggraundisson5b@cornell.edu,Male,85.90.42.144
193,Cheryl,Durgan,cdurgan5c@elegantthemes.com,Female,60.84.7.164
194,Marlane,Demsey,mdemsey5d@feedburner.com,Female,255.117.111.154
195,Gallard,Masseo,gmasseo5e@webs.com,Male,52.181.176.49
196,Emera,Collings,ecollings5f@booking.com,Female,80.25.174.209
197,Lorne,Fryers,lfryers5g@artisteer.com,Male,226.102.26.213
198,Rakel,Staddon,rstaddon5h@liveinternet.ru,Female,104.57.26.158
199,Simon,Baird,sbaird5i@geocities.com,Male,159.238.52.180
200,Korney,Barbrick,kbarbrick5j@blogs.com,Female,169.17.148.83
201,Jervis,Braithwait,jbraithwait5k@ucoz.com,Male,126.90.40.178
202,Ailee,Gregoletti,agregoletti5l@whitehouse.gov,Female,43.162.173.204
203,Aristotle,Prebble,aprebble5m@ebay.co.uk,Male,51.71.171.68
204,Mireielle,Byneth,mbyneth5n@shinystat.com,Female,26.172.225.71
205,Roman,Clackson,rclackson5o@printfriendly.com,Male,171.166.94.190
206,Payton,Ausello,pausello5p@forbes.com,Male,20.125.113.116
207,Marcela,Swatradge,mswatradge5q@nhs.uk,Female,56.179.247.204
208,Gayle,Rothert,grothert5r@wisc.edu,Bigender,19.169.225.190
209,Lydia,Liell,lliell5s@netlog.com,Agender,107.158.19.221
210,Suzy,Cammocke,scammocke5t@stanford.edu,Female,234.201.177.23
211,Marv,Burndred,mburndred5u@youku.com,Male,220.183.249.66
212,Torrence,Scrimshire,tscrimshire5v@jugem.jp,Male,193.16.34.17
213,Kirsten,Goreway,kgoreway5w@ocn.ne.jp,Bigender,101.245.254.182
214,Kerry,Wyllis,kwyllis5x@alexa.com,Polygender,198.207.120.22
215,Rosene,Edbrooke,redbrooke5y@msu.edu,Female,47.115.209.224
216,Lynsey,Duckit,lduckit5z@china.com.cn,Female,176.57.144.135
217,Deane,Chappelow,dchappelow60@fastcompany.com,Male,38.55.203.159
218,Elmira,Canto,ecanto61@a8.net,Female,66.14.181.66
219,Delmore,Paulmann,dpaulmann62@google.cn,Male,118.132.221.112
220,Loreen,Parkman,lparkman63@skyrock.com,Bigender,62.96.81.183
221,Mickey,Lukehurst,mlukehurst64@cargocollective.com,Bigender,85.204.193.188
222,Orelia,Ousley,oousley65@google.cn,Female,246.231.155.231
223,Juliette,Cronkshaw,jcronkshaw66@dedecms.com,Bigender,42.5.197.41
224,Cornela,O'Hagan,cohagan67@shop-pro.jp,Female,24.195.61.125
225,Matelda,Cotilard,mcotilard68@mediafire.com,Female,124.155.190.101
226,Mozelle,Antham,mantham69@reference.com,Female,102.197.107.20
227,Crin,Byles,cbyles6a@narod.ru,Female,118.110.26.214
228,Gardie,Laurence,glaurence6b@soup.io,Male,243.57.147.58
229,Murray,Burberye,mburberye6c@harvard.edu,Agender,60.188.74.166
230,Hussein,Zaple,hzaple6d@people.com.cn,Polygender,64.190.129.250
231,Barbabas,Petrushkevich,bpetrushkevich6e@amazon.co.jp,Male,239.159.195.236
232,Calida,Lorroway,clorroway6f@163.com,Female,128.134.56.190
233,Sandro,Lathwood,slathwood6g@aol.com,Male,238.236.231.213
234,Miguel,Baumaier,mbaumaier6h@craigslist.org,Male,17.65.168.105
235,Earl,McConway,emcconway6i@google.ca,Male,98.130.55.147
236,Hilly,Bullman,hbullman6j@furl.net,Male,77.159.93.127
237,Cazzie,McSorley,cmcsorley6k@indiegogo.com,Male,54.234.246.253
238,Anthony,Troyes,atroyes6l@nydailynews.com,Male,175.31.149.209
239,Thane,Finlater,tfinlater6m@theguardian.com,Male,66.95.19.130
240,Alysia,Whistan,awhistan6n@diigo.com,Female,23.88.153.110
241,Gwendolyn,Chilcotte,gchilcotte6o@army.mil,Female,87.72.70.112
242,Bendix,Henrichs,bhenrichs6p@dailymail.co.uk,Genderfluid,249.51.14.115
243,Der,Dict,ddict6q@ifeng.com,Male,169.119.197.239
244,Thalia,Stacey,tstacey6r@scientificamerican.com,Female,247.137.24.198
245,Merissa,Cook,mcook6s@shinystat.com,Female,24.117.149.129
246,Rebeka,Feldmann,rfeldmann6t@twitpic.com,Female,141.21.238.130
247,Martica,Alenshev,malenshev6u@ocn.ne.jp,Female,38.104.7.40
248,Chandal,Hingeley,chingeley6v@vk.com,Genderfluid,155.107.33.181
249,Ruy,Trimby,rtrimby6w@un.org,Male,168.147.191.173
250,Marie,Drable,mdrable6x@who.int,Female,89.128.119.190
251,Fran,Pettko,fpettko6y@behance.net,Female,11.62.146.128
252,Calli,Blevin,cblevin6z@irs.gov,Female,61.69.26.156
253,Shani,Chrishop,schrishop70@alibaba.com,Agender,4.11.106.226
254,Kimbell,Knobell,kknobell71@shareasale.com,Male,169.110.179.243
255,Saunderson,Ert,sert72@illinois.edu,Male,136.125.144.25
256,Niall,Gough,ngough73@mysql.com,Male,159.77.237.83
257,Tucky,Wride,twride74@thetimes.co.uk,Male,109.209.85.193
258,Elvyn,Blaksley,eblaksley75@newyorker.com,Male,190.43.140.194
259,Paulita,Micheau,pmicheau76@dot.gov,Female,155.206.123.229
260,Bryan,Wardell,bwardell77@mapquest.com,Male,92.124.8.54
261,Marlene,Jendrusch,mjendrusch78@multiply.com,Female,79.194.169.32
262,Dyanne,Beldon,dbeldon79@wordpress.com,Female,155.113.124.80
263,Missie,Geindre,mgeindre7a@vinaora.com,Female,21.104.108.68
264,Eada,Salasar,esalasar7b@webeden.co.uk,Female,29.212.208.10
265,Bernardina,Akram,bakram7c@diigo.com,Female,176.249.144.18
266,Christie,Napoleone,cnapoleone7d@ycombinator.com,Female,33.221.163.160
267,Norrie,Normanville,nnormanville7e@parallels.com,Polygender,26.32.56.62
268,Riccardo,Bryceson,rbryceson7f@smh.com.au,Male,174.126.180.74
269,Saree,Joddens,sjoddens7g@walmart.com,Female,118.222.146.115
270,Leigh,Aim,laim7h@webs.com,Male,95.211.169.7
271,Ettore,Pittman,epittman7i@independent.co.uk,Male,136.220.227.255
272,Dickie,Chawner,dchawner7j@hugedomains.com,Male,101.254.174.36
273,Naomi,Dubery,ndubery7k@youku.com,Female,14.46.49.64
274,Nikolai,Perelli,nperelli7l@yale.edu,Male,20.81.153.147
275,Ivan,Lowthian,ilowthian7m@wufoo.com,Male,98.170.82.29
276,Lari,Toleman,ltoleman7n@virginia.edu,Female,207.231.100.39
277,Hugues,Fanstone,hfanstone7o@ucoz.ru,Male,230.44.251.0
278,Tore,Corradini,tcorradini7p@blogs.com,Male,25.33.73.5
279,Cicily,Demoge,cdemoge7q@addtoany.com,Female,113.19.31.14
280,Leonidas,Keetley,lkeetley7r@hc360.com,Male,199.28.239.98
281,Ellis,Sharply,esharply7s@scribd.com,Genderfluid,85.25.211.97
282,Rawley,Fernandes,rfernandes7t@fema.gov,Male,72.164.5.238
283,Lanie,Gamil,lgamil7u@techcrunch.com,Genderfluid,36.54.111.32
284,Annabal,Aikenhead,aaikenhead7v@sakura.ne.jp,Female,94.88.173.122
285,Kaylyn,Croley,kcroley7w@shinystat.com,Female,107.113.89.209
286,Marylin,Frearson,mfrearson7x@mac.com,Bigender,4.42.182.128
287,Octavius,Kineton,okineton7y@ft.com,Male,134.98.236.227
288,Finlay,Leathwood,fleathwood7z@angelfire.com,Male,225.132.106.248
289,Toby,Tripon,ttripon80@huffingtonpost.com,Female,38.212.112.191
290,Birdie,Cankett,bcankett81@examiner.com,Female,176.246.215.142
291,Sofie,Bunkle,sbunkle82@redcross.org,Female,168.121.215.85
292,Brynne,Girton,bgirton83@google.ru,Female,194.231.167.2
293,Ado,De Goey,adegoey84@seattletimes.com,Male,183.140.86.218
294,Kendall,Lukesch,klukesch85@sciencedirect.com,Male,226.78.78.154
295,Vera,Eddowis,veddowis86@nydailynews.com,Female,82.29.252.82
296,Amos,Hing,ahing87@mtv.com,Male,3.250.226.81
297,Johan,Kalinovich,jkalinovich88@hostgator.com,Male,230.67.117.110
298,Daryn,Bescoby,dbescoby89@bbc.co.uk,Genderqueer,97.221.32.171
299,Jamima,Soda,jsoda8a@hhs.gov,Female,190.255.161.149
300,Gwenore,McGlue,gmcglue8b@ucoz.com,Female,92.117.34.127
301,Carmel,Blunsden,cblunsden8c@skype.com,Female,174.68.205.207
302,Anastassia,Hackworth,ahackworth8d@dropbox.com,Female,22.117.115.28
303,Karlik,Doll,kdoll8e@altervista.org,Male,61.248.147.66
304,Alexei,Childe,achilde8f@blog.com,Male,226.220.28.245
305,Teressa,Treace,ttreace8g@dailymail.co.uk,Female,177.186.244.128
306,Rosmunda,Augustine,raugustine8h@constantcontact.com,Female,155.3.254.107
307,Merry,Whitecross,mwhitecross8i@irs.gov,Male,220.89.62.22
308,Ferdie,Bratty,fbratty8j@storify.com,Male,53.107.74.228
309,Ramonda,Stanbra,rstanbra8k@hexun.com,Female,148.21.149.145
310,Dana,Dargavel,ddargavel8l@paypal.com,Female,119.20.236.237
311,Orelia,Yushin,oyushin8m@sciencedirect.com,Agender,155.172.247.151
312,Noelle,Geeraert,ngeeraert8n@cbc.ca,Female,151.62.91.229
313,Joyce,Byrnes,jbyrnes8o@marketwatch.com,Female,206.207.160.59
314,Lianne,De Paoli,ldepaoli8p@vinaora.com,Female,243.47.33.239
315,Elianora,Slorance,eslorance8q@mlb.com,Female,97.22.183.74
316,Rodolphe,Message,rmessage8r@yahoo.co.jp,Male,51.148.107.143
317,Quintin,Clemonts,qclemonts8s@eventbrite.com,Male,151.204.11.135
318,Fonsie,Davion,fdavion8t@github.io,Male,114.228.34.72
319,Amii,Hallums,ahallums8u@photobucket.com,Female,254.137.79.233
320,Jamie,Rosenschein,jrosenschein8v@storify.com,Male,197.203.44.26
321,Glennis,Fuentez,gfuentez8w@icq.com,Female,16.70.11.241
322,Fonsie,Derrett,fderrett8x@xrea.com,Male,123.204.146.96
323,Bibby,Gingles,bgingles8y@ftc.gov,Female,224.151.141.73
324,Dimitry,Costan,dcostan8z@fastcompany.com,Male,236.54.66.31
325,Ilka,Greggersen,igreggersen90@hhs.gov,Female,58.142.64.238
326,Jaquelyn,Eveling,jeveling91@noaa.gov,Female,20.176.29.129
327,Desiree,Angeau,dangeau92@phpbb.com,Female,85.66.234.220
328,Bogart,Pautot,bpautot93@angelfire.com,Male,151.134.217.163
329,Vivie,Lamburne,vlamburne94@microsoft.com,Female,119.217.169.194
330,Auberon,Demschke,ademschke95@youtu.be,Male,56.149.185.169
331,Tomlin,Westoll,twestoll96@sfgate.com,Male,132.117.116.143
332,Tiertza,Holhouse,tholhouse97@istockphoto.com,Female,114.195.112.79
333,Sanderson,Bruhke,sbruhke98@weather.com,Male,56.193.44.20
334,Felicio,McTrustrie,fmctrustrie99@slideshare.net,Male,184.252.181.138
335,Malvin,Bloxholm,mbloxholm9a@scientificamerican.com,Male,255.233.140.129
336,Jone,Stein,jstein9b@theatlantic.com,Male,120.233.38.157
337,Aline,Hamilton,ahamilton9c@auda.org.au,Genderqueer,127.57.235.77
338,Alia,Buddell,abuddell9d@blogspot.com,Female,161.8.167.250
339,Rutger,Blooman,rblooman9e@printfriendly.com,Male,93.156.184.58
340,Misty,Calleja,mcalleja9f@google.co.jp,Female,233.133.192.200
341,Corey,Augie,caugie9g@a8.net,Female,152.210.252.184
342,Abel,Ilyenko,ailyenko9h@baidu.com,Male,114.239.115.22
343,Harriott,Dassindale,hdassindale9i@nature.com,Female,253.237.206.184
344,Eberhard,Sauter,esauter9j@amazon.de,Male,99.186.246.254
345,Ricard,Divell,rdivell9k@nytimes.com,Male,170.0.85.233
346,Chandal,McVeighty,cmcveighty9l@jigsy.com,Female,175.83.85.93
347,Othella,Lippiett,olippiett9m@aol.com,Female,106.110.211.171
348,Malissia,Daintrey,mdaintrey9n@prlog.org,Female,200.128.253.154
349,Franky,Conor,fconor9o@amazon.co.jp,Male,254.59.154.248
350,Irina,Duker,iduker9p@discovery.com,Female,26.219.179.236
351,Paddy,Rands,prands9q@google.com,Male,46.241.239.61
352,Karlan,Elsworth,kelsworth9r@irs.gov,Male,39.66.59.30
353,Heddi,Ateridge,hateridge9s@artisteer.com,Female,65.176.61.231
354,Traci,End,tend9t@umich.edu,Female,129.69.108.87
355,Hilary,Rosbrough,hrosbrough9u@amazon.de,Polygender,135.25.47.43
356,Conan,Sexon,csexon9v@patch.com,Male,71.71.0.217
357,Catriona,Eberle,ceberle9w@friendfeed.com,Female,111.14.138.95
358,Brod,Sharvill,bsharvill9x@amazon.com,Male,127.3.163.120
359,Hughie,MacShirie,hmacshirie9y@nba.com,Male,133.221.235.232
360,Freddie,Matei,fmatei9z@instagram.com,Female,71.121.51.11
361,Carlyle,Gilhool,cgilhoola0@blogger.com,Male,231.17.230.45
362,Brendis,Beggi,bbeggia1@bravesites.com,Male,128.36.174.169
363,Ulrikaumeko,McBryde,umcbrydea2@artisteer.com,Female,218.206.73.234
364,Michele,Gauntley,mgauntleya3@posterous.com,Female,146.17.170.117
365,Doralin,Adenot,dadenota4@wired.com,Female,174.227.204.18
366,Kale,Haggarth,khaggartha5@purevolume.com,Male,13.145.51.72
367,Cecil,Broschek,cbroscheka6@ow.ly,Male,176.107.178.143
368,Alexandra,Pyott,apyotta7@blog.com,Female,175.239.46.170
369,Hieronymus,Ondrousek,hondrouseka8@51.la,Male,72.87.97.0
370,Rooney,Troy,rtroya9@businessinsider.com,Male,192.179.142.111
371,Emmalynn,Spurgin,espurginaa@macromedia.com,Female,9.226.36.60
372,Jory,Collett,jcollettab@chron.com,Male,201.146.39.220
373,Ev,Alennikov,ealennikovac@taobao.com,Male,224.28.189.229
374,Kelcie,Grimster,kgrimsterad@trellian.com,Female,32.2.235.131
375,Sonny,Gayton,sgaytonae@ed.gov,Male,41.135.76.237
376,Darnall,Vitte,dvitteaf@timesonline.co.uk,Male,84.205.67.106
377,Lorrie,Robbe,lrobbeag@artisteer.com,Male,187.104.10.218
378,Talya,Jillett,tjillettah@slate.com,Female,75.192.59.195
379,Laney,Boldero,lbolderoai@delicious.com,Female,245.202.31.117
380,Lewiss,Brumen,lbrumenaj@goo.gl,Male,255.109.198.191
381,Dacy,Waleworke,dwaleworkeak@usnews.com,Female,181.7.164.159
382,Palmer,Skipsea,pskipseaal@berkeley.edu,Male,171.224.203.133
383,Mitch,Lillee,mlilleeam@google.cn,Male,144.169.8.108
384,Sheff,Vater,svateran@ebay.co.uk,Male,217.141.242.112
385,Walsh,Landsborough,wlandsboroughao@fema.gov,Male,89.123.107.98
386,Cami,Lahy,clahyap@imgur.com,Female,236.33.212.237
387,Clo,Gurry,cgurryaq@w3.org,Female,134.178.91.154
388,Zaccaria,Shulver,zshulverar@4shared.com,Male,113.84.31.98
389,Trueman,Lummus,tlummusas@mozilla.com,Male,101.29.75.132
390,Skippie,Manchester,smanchesterat@ft.com,Male,2.26.253.225
391,Britta,Dewing,bdewingau@macromedia.com,Female,128.125.125.176
392,Jillana,Welsby,jwelsbyav@amazon.co.uk,Non-binary,26.87.224.192
393,Gualterio,MacCarlich,gmaccarlichaw@kickstarter.com,Non-binary,79.248.132.209
394,Krissy,Thornborrow,kthornborrowax@phoca.cz,Female,72.126.11.72
395,Parry,Lewens,plewensay@github.com,Male,109.105.204.57
396,Demetria,Cumberledge,dcumberledgeaz@craigslist.org,Female,207.3.41.74
397,Ulrich,Primett,uprimettb0@state.tx.us,Male,241.60.132.201
398,Felipa,Bakewell,fbakewellb1@opera.com,Female,146.65.225.113
399,Hamel,Allonby,hallonbyb2@woothemes.com,Male,134.224.232.150
400,Kaitlynn,Hughman,khughmanb3@biblegateway.com,Female,18.5.162.235
401,Patience,Greenset,pgreensetb4@de.vu,Female,101.68.146.30
402,Debbie,Kinder,dkinderb5@ebay.co.uk,Female,104.27.112.45
403,Alexia,Lendrem,alendremb6@psu.edu,Genderqueer,68.96.204.2
404,Rafi,Cornford,rcornfordb7@xrea.com,Male,160.189.228.166
405,Sean,Spargo,sspargob8@etsy.com,Male,204.117.243.207
406,Hyacinthie,Uzelli,huzellib9@eventbrite.com,Female,141.199.216.163
407,Sibella,Friett,sfriettba@instagram.com,Female,24.135.253.128
408,Durand,Rigby,drigbybb@netvibes.com,Male,181.157.162.25
409,Adi,Hamilton,ahamiltonbc@t.co,Female,192.227.88.199
410,Phineas,Elsey,pelseybd@usnews.com,Male,203.59.33.97
411,Kyrstin,Lune,klunebe@cdc.gov,Female,111.67.28.130
412,Nydia,MacGille,nmacgillebf@nhs.uk,Female,173.100.55.232
413,Rivalee,Meneo,rmeneobg@artisteer.com,Female,79.122.182.24
414,Maurie,Pemble,mpemblebh@ustream.tv,Male,53.252.139.216
415,Lida,Rintoul,lrintoulbi@ebay.com,Non-binary,58.93.195.251
416,Glenden,Clapp,gclappbj@e-recht24.de,Male,21.42.203.120
417,Coop,Temperton,ctempertonbk@ihg.com,Male,234.20.181.164
418,Wittie,Basketter,wbasketterbl@a8.net,Male,165.158.189.118
419,Guthrie,Joe,gjoebm@engadget.com,Male,230.25.135.1
420,Penni,Showler,pshowlerbn@nytimes.com,Female,152.124.250.210
421,Guinna,Hale,ghalebo@miibeian.gov.cn,Female,105.229.69.235
422,Rennie,Pehrsson,rpehrssonbp@narod.ru,Female,70.153.229.139
423,Sigvard,Grelka,sgrelkabq@behance.net,Male,48.221.64.151
424,Elsie,Bartomeu,ebartomeubr@fc2.com,Female,142.158.26.179
425,Mirna,Jakubovitch,mjakubovitchbs@google.co.jp,Polygender,199.77.208.9
426,Vanya,Espinal,vespinalbt@aol.com,Male,89.63.238.160
427,Mohandis,Esland,meslandbu@vk.com,Non-binary,0.110.150.110
428,Ralina,Grolmann,rgrolmannbv@hatena.ne.jp,Female,189.9.64.146
429,Darcy,Battin,dbattinbw@vkontakte.ru,Female,215.83.31.85
430,Teressa,Forcer,tforcerbx@google.ru,Female,74.254.200.15
431,Robinet,Mapston,rmapstonby@sphinn.com,Male,1.169.209.158
432,Cheston,Stegell,cstegellbz@newyorker.com,Male,230.70.197.202
433,Marthena,MacAllester,mmacallesterc0@netvibes.com,Female,208.27.217.3
434,Brody,Gronaller,bgronallerc1@springer.com,Male,112.119.92.183
435,Shel,Gumey,sgumeyc2@auda.org.au,Polygender,134.70.231.135
436,Hube,Gehrels,hgehrelsc3@chron.com,Male,116.139.186.46
437,Ashley,Bedford,abedfordc4@acquirethisname.com,Female,156.59.249.36
438,Laina,Porritt,lporrittc5@opensource.org,Female,163.19.115.139
439,Hamlen,Abrashkov,habrashkovc6@blogtalkradio.com,Male,21.154.237.222
440,Marga,Suche,msuchec7@photobucket.com,Female,25.178.226.22
441,Jed,Halligan,jhalliganc8@amazon.com,Male,154.126.140.57
442,Merrill,Trendle,mtrendlec9@youtube.com,Female,116.235.43.149
443,Rolfe,Cudbertson,rcudbertsonca@sun.com,Male,55.105.86.96
444,Marvin,Elsom,melsomcb@walmart.com,Bigender,193.190.192.74
445,Wandis,Fisbburne,wfisbburnecc@blogger.com,Genderfluid,68.203.1.247
446,Nat,Kalisch,nkalischcd@wordpress.com,Male,80.241.178.19
447,Pattin,Vivyan,pvivyance@bravesites.com,Male,29.58.241.84
448,Adda,Killingbeck,akillingbeckcf@soundcloud.com,Female,174.13.180.150
449,Deana,Denial,ddenialcg@istockphoto.com,Genderqueer,235.9.222.208
450,Gardiner,Lougheed,glougheedch@spiegel.de,Male,229.230.180.17
451,Valentino,Scripture,vscriptureci@elegantthemes.com,Male,218.172.165.133
452,Avrit,Ingram,aingramcj@prnewswire.com,Female,148.126.224.208
453,Bev,Flatt,bflattck@pagesperso-orange.fr,Male,12.63.20.85
454,Corilla,Stennett,cstennettcl@free.fr,Female,69.248.177.91
455,Kermie,Norheny,knorhenycm@tinyurl.com,Male,228.246.248.14
456,Trescha,Offener,toffenercn@mapy.cz,Bigender,178.175.131.247
457,Ronald,State,rstateco@eepurl.com,Male,217.11.156.224
458,Farica,Deinhardt,fdeinhardtcp@mapquest.com,Non-binary,255.232.48.53
459,Kendal,Blagburn,kblagburncq@tmall.com,Male,65.133.142.83
460,Shayna,Gorelli,sgorellicr@rediff.com,Female,209.90.238.245
461,Marcus,Weiser,mweisercs@discovery.com,Male,238.148.126.121
462,Codee,Brounfield,cbrounfieldct@myspace.com,Female,234.163.48.243
463,Renard,Jarvie,rjarviecu@elegantthemes.com,Male,70.236.119.4
464,Nicol,Dorkin,ndorkincv@e-recht24.de,Female,138.255.16.150
465,Ax,Baalham,abaalhamcw@google.cn,Male,106.168.23.147
466,Victoria,Grosvener,vgrosvenercx@tripadvisor.com,Female,206.122.16.91
467,Chuck,Tatteshall,ctatteshallcy@youku.com,Male,207.42.196.172
468,Cynthia,Mandry,cmandrycz@amazon.co.uk,Female,211.126.95.14
469,Base,Skill,bskilld0@chronoengine.com,Male,213.245.246.192
470,Spense,Aire,saired1@hud.gov,Male,133.50.54.188
471,Harmon,Dunk,hdunkd2@economist.com,Male,234.36.33.109
472,Perice,Liddle,pliddled3@fda.gov,Male,253.241.254.218
473,Ashleigh,Gaven,agavend4@123-reg.co.uk,Female,118.45.133.51
474,Dag,Gaynsford,dgaynsfordd5@sitemeter.com,Male,54.233.23.223
475,Clayborne,Challice,cchalliced6@ibm.com,Male,43.170.123.140
476,Artur,Varnham,avarnhamd7@sphinn.com,Male,151.171.140.143
477,Adolphus,Locker,alockerd8@oakley.com,Male,79.101.95.59
478,Gabrila,O'Keaveny,gokeavenyd9@unblog.fr,Female,170.15.213.159
479,Quincey,Gheeraert,qgheeraertda@mashable.com,Male,222.88.88.221
480,Cecilla,Edwards,cedwardsdb@uiuc.edu,Female,204.68.4.162
481,Gweneth,Barstock,gbarstockdc@un.org,Female,248.160.59.204
482,Cointon,Pine,cpinedd@craigslist.org,Male,3.193.4.57
483,Zachary,Cicchelli,zcicchellide@princeton.edu,Genderqueer,173.85.141.82
484,Sande,Sparrow,ssparrowdf@wordpress.com,Genderfluid,213.30.122.67
485,Abner,Wiggett,awiggettdg@ibm.com,Genderfluid,103.38.89.37
486,Tanhya,Varcoe,tvarcoedh@tamu.edu,Female,221.33.227.190
487,Tadeas,Daughtry,tdaughtrydi@adobe.com,Male,186.57.79.136
488,Wini,Meeron,wmeerondj@reverbnation.com,Female,201.255.184.167
489,Gregor,O'Mullaney,gomullaneydk@home.pl,Male,207.24.19.57
490,Cordey,Hinrich,chinrichdl@fema.gov,Bigender,65.156.21.209
491,Damita,Sooper,dsooperdm@slashdot.org,Female,201.187.205.44
492,Thayne,Limming,tlimmingdn@diigo.com,Male,176.97.134.24
493,Lorinda,Orneles,lornelesdo@163.com,Female,112.63.194.233
494,Brody,Di Biagio,bdibiagiodp@hibu.com,Male,234.255.182.183
495,Isabeau,Champneys,ichampneysdq@posterous.com,Female,148.143.63.178
496,Kalila,Dopson,kdopsondr@irs.gov,Female,125.23.95.195
497,Alexander,MacCarlich,amaccarlichds@bbc.co.uk,Male,118.74.162.186
498,Brnaby,Giorgini,bgiorginidt@scribd.com,Male,153.0.72.55
499,Clementia,Gunthorp,cgunthorpdu@multiply.com,Female,4.142.1.77
500,Sylvester,Pietrusiak,spietrusiakdv@pen.io,Male,180.150.35.236
501,Mureil,Burtonwood,mburtonwooddw@sourceforge.net,Bigender,22.237.53.62
502,Dedie,Dunckley,ddunckleydx@toplist.cz,Female,181.92.90.92
503,Alma,Moehle,amoehledy@hubpages.com,Female,240.141.10.197
504,Shayne,Sporle,ssporledz@seattletimes.com,Male,56.137.113.184
505,Cinnamon,Pellington,cpellingtone0@nsw.gov.au,Female,169.49.89.100
506,Craig,Joutapaitis,cjoutapaitise1@cnet.com,Male,230.212.106.134
507,Elmore,Attewill,eattewille2@ibm.com,Male,151.103.105.12
508,Carree,Udy,cudye3@symantec.com,Female,206.140.4.65
509,Marcel,Fenlon,mfenlone4@java.com,Male,60.59.78.114
510,Boris,Ghelarducci,bghelarduccie5@opensource.org,Polygender,225.92.118.181
511,Missie,Fiddeman,mfiddemane6@netscape.com,Female,193.177.82.25
512,Daffie,Abramowitch,dabramowitche7@lulu.com,Female,108.125.204.158
513,Keith,Antosik,kantosike8@google.com.au,Male,18.126.177.132
514,Feodora,Clelle,fclellee9@com.com,Female,97.56.158.217
515,Mirella,Fitchen,mfitchenea@purevolume.com,Female,250.214.55.242
516,Nannette,Philippault,nphilippaulteb@google.com,Female,124.244.43.203
517,Ira,Chidwick,ichidwickec@census.gov,Male,130.98.66.116
518,Gabie,Eagan,geaganed@washingtonpost.com,Male,164.112.70.97
519,Basilius,Ponsford,bponsfordee@163.com,Male,2.13.51.227
520,Gaynor,Goward,ggowardef@diigo.com,Female,254.227.136.204
521,Bellanca,Temperley,btemperleyeg@deliciousdays.com,Female,45.81.217.239
522,Debee,Pidduck,dpidduckeh@noaa.gov,Female,98.50.158.35
523,Temple,O'Crigan,tocriganei@amazon.com,Male,75.68.101.173
524,Oriana,Barette,obaretteej@epa.gov,Female,141.130.44.184
525,Gladi,Greenhowe,ggreenhoweek@deliciousdays.com,Female,160.241.237.206
526,Bertrando,Pendall,bpendallel@adobe.com,Male,51.160.217.144
527,Gearalt,Raven,gravenem@cocolog-nifty.com,Male,49.124.71.17
528,Clevie,Goodlud,cgoodluden@opensource.org,Bigender,76.62.161.8
529,Griff,Beldom,gbeldomeo@odnoklassniki.ru,Male,153.37.165.201
530,Amargo,Christensen,achristensenep@accuweather.com,Female,221.152.131.116
531,Ivory,Laxston,ilaxstoneq@drupal.org,Female,48.139.138.150
532,Heriberto,Anthes,hantheser@rakuten.co.jp,Male,0.13.28.233
533,Gay,Hubbis,ghubbises@aboutads.info,Male,84.227.131.37
534,Mozes,Janney,mjanneyet@addtoany.com,Male,255.178.9.29
535,Innis,Delamaine,idelamaineeu@tinypic.com,Male,168.234.183.39
536,Dieter,Halwell,dhalwellev@msn.com,Bigender,252.114.130.5
537,Benjamen,Bowle,bbowleew@bloomberg.com,Male,164.239.119.1
538,Kaine,Seys,kseysex@sitemeter.com,Male,91.84.222.223
539,Ermanno,Tutin,etutiney@google.de,Male,229.63.240.55
540,Klaus,Impey,kimpeyez@nydailynews.com,Male,104.13.134.136
541,Harlie,Braams,hbraamsf0@joomla.org,Female,59.211.110.232
542,Artur,Heffron,aheffronf1@bandcamp.com,Male,174.48.79.208
543,Nicky,Yakushkin,nyakushkinf2@intel.com,Bigender,234.252.174.118
544,Robinson,Measen,rmeasenf3@ucoz.com,Male,28.25.126.122
545,Herman,Vynehall,hvynehallf4@usnews.com,Male,104.180.19.132
546,Creighton,Clericoates,cclericoatesf5@bigcartel.com,Male,199.135.54.204
547,Clark,Rickesies,crickesiesf6@issuu.com,Male,122.128.164.21
548,Harri,Hastings,hhastingsf7@networksolutions.com,Female,67.201.162.116
549,Artemis,Mettetal,amettetalf8@indiatimes.com,Male,118.5.102.245
550,Artemis,Errichelli,aerrichellif9@desdev.cn,Male,54.107.157.194
551,Bourke,Jobes,bjobesfa@arstechnica.com,Male,236.28.13.70
552,Any,Wasiela,awasielafb@jiathis.com,Male,53.0.68.151
553,Philippe,Guichard,pguichardfc@fda.gov,Genderqueer,245.18.35.147
554,Debi,Huncote,dhuncotefd@taobao.com,Female,103.9.49.213
555,Audrye,Fernely,afernelyfe@goodreads.com,Female,22.232.23.153
556,Maisey,Japp,mjappff@biglobe.ne.jp,Female,69.135.13.79
557,Elie,Pigram,epigramfg@lulu.com,Female,11.90.206.247
558,Renie,Lasty,rlastyfh@patch.com,Female,239.133.158.222
559,Ennis,Tudbald,etudbaldfi@nymag.com,Male,48.66.78.6
560,Zacharias,Grabert,zgrabertfj@admin.ch,Male,208.4.131.39
561,Wain,Saltsberg,wsaltsbergfk@wsj.com,Bigender,140.87.79.185
562,Kirsti,Bonhomme,kbonhommefl@google.pl,Female,42.13.220.43
563,Corrinne,De'Ath,cdeathfm@xrea.com,Female,113.82.250.67
564,Farly,Heustice,fheusticefn@free.fr,Male,93.161.174.78
565,Geneva,McGeaney,gmcgeaneyfo@accuweather.com,Female,152.198.234.253
566,Riannon,Clerc,rclercfp@webeden.co.uk,Female,8.170.76.140
567,Andras,Graveston,agravestonfq@whitehouse.gov,Male,217.23.47.172
568,Eldon,Rechert,erechertfr@seattletimes.com,Male,234.200.200.22
569,Valentin,Webborn,vwebbornfs@mediafire.com,Non-binary,209.19.209.131
570,Astrix,Caramuscia,acaramusciaft@chronoengine.com,Polygender,73.106.23.93
571,Mercie,Comazzo,mcomazzofu@dion.ne.jp,Female,13.223.107.19
572,Gert,Thames,gthamesfv@ask.com,Female,242.52.34.50
573,Maggee,Milthorpe,mmilthorpefw@shop-pro.jp,Female,48.174.237.79
574,Jacynth,Ungerecht,jungerechtfx@ucla.edu,Genderqueer,180.58.57.175
575,Rikki,Haggata,rhaggatafy@addtoany.com,Male,236.210.191.176
576,Pia,Loghan,ploghanfz@ehow.com,Female,195.182.63.180
577,Ludovico,Le Jean,llejeang0@jiathis.com,Male,145.167.78.54
578,Tamiko,Trevers,ttreversg1@behance.net,Female,229.30.193.200
579,Stephanie,Drowsfield,sdrowsfieldg2@geocities.com,Female,130.132.131.181
580,Petronille,Mandrier,pmandrierg3@godaddy.com,Female,125.135.191.119
581,Algernon,Tams,atamsg4@mac.com,Male,123.174.229.211
582,Verena,Gibbieson,vgibbiesong5@squarespace.com,Female,223.41.10.99
583,Napoleon,Larver,nlarverg6@domainmarket.com,Male,229.68.248.192
584,Cecily,Silverthorne,csilverthorneg7@canalblog.com,Non-binary,121.62.27.221
585,Jerri,Casier,jcasierg8@example.com,Male,122.205.96.165
586,Milena,McIlwain,mmcilwaing9@wordpress.org,Female,164.143.30.188
587,Carolan,Penhalurick,cpenhalurickga@github.com,Female,203.110.58.210
588,Monro,Banting,mbantinggb@technorati.com,Male,30.75.89.98
589,Sibbie,Stocker,sstockergc@domainmarket.com,Female,160.199.247.221
590,Marietta,Wagstaffe,mwagstaffegd@ucsd.edu,Female,154.236.205.173
591,Hermione,Ashbrook,hashbrookge@hatena.ne.jp,Female,228.84.23.27
592,Cassie,Spottiswood,cspottiswoodgf@samsung.com,Female,154.199.176.80
593,Alanna,Tunaclift,atunacliftgg@amazon.co.jp,Female,102.234.204.253
594,Harv,Insole,hinsolegh@mapquest.com,Male,191.55.41.231
595,Monte,De Clairmont,mdeclairmontgi@hatena.ne.jp,Male,5.40.23.137
596,Lesley,Radbourn,lradbourngj@auda.org.au,Female,128.58.70.157
597,Jourdan,Minci,jmincigk@behance.net,Female,162.227.190.241
598,Benyamin,Ibarra,bibarragl@ted.com,Male,15.7.52.119
599,Jolee,Casiero,jcasierogm@xing.com,Female,176.75.226.215
600,Jana,Jarred,jjarredgn@purevolume.com,Female,87.211.164.182
601,Ken,Gilhool,kgilhoolgo@deliciousdays.com,Male,5.228.68.197
602,Alyson,Linzee,alinzeegp@liveinternet.ru,Female,135.205.174.150
603,Caroljean,Braidley,cbraidleygq@yolasite.com,Female,216.94.211.98
604,Noelani,Quodling,nquodlinggr@biblegateway.com,Female,183.237.75.234
605,Jewelle,Lineen,jlineengs@woothemes.com,Female,8.147.134.241
606,Vlad,Benzing,vbenzinggt@weibo.com,Male,36.188.108.136
607,Doralynn,Colbert,dcolbertgu@yelp.com,Female,7.12.216.41
608,Marion,Mandal,mmandalgv@eventbrite.com,Male,72.123.112.55
609,Danita,Goodale,dgoodalegw@npr.org,Genderqueer,158.115.137.156
610,Grete,Greensall,ggreensallgx@redcross.org,Genderfluid,222.123.61.89
611,Tyler,Skillitt,tskillittgy@eventbrite.com,Male,144.209.59.1
612,Torey,Genge,tgengegz@is.gd,Female,24.13.59.136
613,Lena,Knee,lkneeh0@ebay.co.uk,Female,205.141.181.216
614,Dilly,Renforth,drenforthh1@altervista.org,Male,112.38.142.81
615,Lawton,Goane,lgoaneh2@dyndns.org,Male,231.47.65.98
616,Timmy,Merigot,tmerigoth3@etsy.com,Female,216.146.92.200
617,Malina,Wynch,mwynchh4@vistaprint.com,Female,219.80.146.168
618,Val,Sainter,vsainterh5@nasa.gov,Polygender,243.37.27.93
619,Emmy,Havesides,ehavesidesh6@yahoo.com,Female,233.244.148.199
620,Dukie,Halstead,dhalsteadh7@fc2.com,Non-binary,92.17.237.17
621,Larine,Macken,lmackenh8@icio.us,Female,64.12.151.77
622,Rois,Andrioni,randrionih9@scribd.com,Female,83.176.139.65
623,Leigh,Dunthorne,ldunthorneha@plala.or.jp,Male,35.21.193.136
624,Jonah,Pountain,jpountainhb@bandcamp.com,Male,97.0.113.61
625,Carina,Skillings,cskillingshc@discuz.net,Female,179.96.117.111
626,Mufinella,Maylin,mmaylinhd@clickbank.net,Genderfluid,160.47.41.4
627,Bernie,Fliege,bfliegehe@angelfire.com,Female,3.152.26.195
628,Enrique,Roome,eroomehf@xinhuanet.com,Male,5.241.103.59
629,Cassy,Meredyth,cmeredythhg@marriott.com,Female,176.241.16.51
630,Gael,Towl,gtowlhh@nbcnews.com,Non-binary,216.173.42.216
631,Tommie,O'Moylane,tomoylanehi@dyndns.org,Male,207.181.89.105
632,Glenn,Malacrida,gmalacridahj@weibo.com,Male,0.73.169.255
633,Jackelyn,Poynser,jpoynserhk@google.com,Female,219.250.77.22
634,Wallache,Fullalove,wfullalovehl@unicef.org,Male,69.220.116.249
635,Hilly,Bromell,hbromellhm@ftc.gov,Male,140.225.81.92
636,Archibaldo,Weitzel,aweitzelhn@goo.ne.jp,Male,60.209.230.119
637,Willis,Mepsted,wmepstedho@artisteer.com,Male,170.180.255.14
638,Bren,Kemmis,bkemmishp@tuttocitta.it,Female,61.219.231.31
639,Tanya,Stenner,tstennerhq@instagram.com,Genderfluid,228.98.20.69
640,Kessiah,Glennie,kglenniehr@tamu.edu,Female,247.11.143.219
641,Hollyanne,Retallick,hretallickhs@netvibes.com,Female,173.154.53.97
642,Sheilah,McMakin,smcmakinht@mayoclinic.com,Female,2.254.174.224
643,Ginger,Vedishchev,gvedishchevhu@oakley.com,Male,139.93.180.52
644,Kenny,Quick,kquickhv@rambler.ru,Male,177.118.30.145
645,Shea,Dikels,sdikelshw@elegantthemes.com,Female,14.82.237.24
646,Christos,Donald,cdonaldhx@furl.net,Male,47.220.196.57
647,Tammie,Vassman,tvassmanhy@engadget.com,Male,167.165.109.8
648,Gary,Kem,gkemhz@dedecms.com,Genderqueer,176.187.173.78
649,Emory,Manilove,emanilovei0@bluehost.com,Genderfluid,125.120.138.104
650,Nikola,Cockney,ncockneyi1@skyrock.com,Non-binary,97.44.73.85
651,Rasla,Malinowski,rmalinowskii2@printfriendly.com,Female,242.84.139.108
652,Onfre,Collishaw,ocollishawi3@yale.edu,Male,65.228.85.231
653,Nil,Colicot,ncolicoti4@reference.com,Male,227.89.136.9
654,Latrena,Gibbett,lgibbetti5@cam.ac.uk,Female,175.214.173.132
655,Douglass,Verne,dvernei6@dailymotion.com,Male,254.57.79.36
656,Simon,McHarry,smcharryi7@cbslocal.com,Male,247.58.85.189
657,Stella,Howard,showardi8@nbcnews.com,Female,254.225.35.32
658,Celene,Gaitskill,cgaitskilli9@mail.ru,Female,82.39.124.66
659,Hinze,Lotterington,hlotteringtonia@cbslocal.com,Male,97.6.75.47
660,Beaufort,Treasure,btreasureib@wikimedia.org,Male,249.55.205.86
661,Dill,Saura,dsauraic@wunderground.com,Male,231.161.108.198
662,Nike,Edie,nedieid@desdev.cn,Female,135.244.20.70
663,Eal,Towsie,etowsieie@hatena.ne.jp,Male,37.245.64.91
664,Lonnard,Lowe,lloweif@washingtonpost.com,Male,89.171.84.116
665,Kevyn,Giacomozzo,kgiacomozzoig@dropbox.com,Female,171.154.70.214
666,Filippa,Wasiel,fwasielih@cargocollective.com,Female,81.138.22.9
667,Arlana,Pawlett,apawlettii@wikia.com,Female,229.215.65.17
668,Giuseppe,Sotham,gsothamij@answers.com,Male,218.201.173.145
669,Chas,Stailey,cstaileyik@accuweather.com,Male,199.218.144.18
670,Collette,Dibb,cdibbil@clickbank.net,Female,39.231.224.82
671,Darn,Tinsley,dtinsleyim@arizona.edu,Bigender,199.118.201.123
672,Yurik,Demonge,ydemongein@prlog.org,Male,40.160.210.32
673,Henrie,Clunan,hclunanio@google.com,Female,204.141.132.193
674,Jeane,Romke,jromkeip@timesonline.co.uk,Female,10.216.157.211
675,Delora,Sheehan,dsheehaniq@hostgator.com,Female,12.189.55.68
676,Felicity,Southgate,fsouthgateir@virginia.edu,Female,204.253.167.144
677,Halley,Stode,hstodeis@nifty.com,Female,240.1.97.11
678,Berkly,Vaux,bvauxit@dedecms.com,Male,197.50.139.170
679,Merell,Cottis,mcottisiu@webeden.co.uk,Male,63.97.128.99
680,Skipper,Vidineev,svidineeviv@unc.edu,Male,110.185.82.130
681,Brigit,Meiklejohn,bmeiklejohniw@wiley.com,Female,141.33.215.46
682,Lancelot,Bonefant,lbonefantix@trellian.com,Male,70.133.183.104
683,Parnell,Imison,pimisoniy@bravesites.com,Male,107.178.108.220
684,Shell,Bilovsky,sbilovskyiz@sourceforge.net,Male,120.135.155.12
685,Mikkel,Tossell,mtossellj0@t-online.de,Male,22.167.40.105
686,Zollie,Spyer,zspyerj1@issuu.com,Male,189.242.69.219
687,Reginald,Maciaszek,rmaciaszekj2@buzzfeed.com,Male,100.108.227.141
688,Sigvard,MacMarcuis,smacmarcuisj3@live.com,Male,163.188.92.212
689,August,Brimblecomb,abrimblecombj4@mozilla.com,Male,45.52.86.70
690,Donny,Moodey,dmoodeyj5@behance.net,Female,74.137.141.132
691,Shem,Randals,srandalsj6@geocities.com,Male,35.48.247.132
692,Helsa,Cullum,hcullumj7@google.pl,Female,195.255.184.205
693,Nicky,Marquez,nmarquezj8@360.cn,Genderqueer,81.88.66.46
694,Jourdain,Maccree,jmaccreej9@infoseek.co.jp,Male,219.84.187.136
695,Wald,Varley,wvarleyja@oakley.com,Male,18.48.48.113
696,Evered,Goshawke,egoshawkejb@list-manage.com,Male,88.41.112.227
697,Fidel,Schapero,fschaperojc@patch.com,Male,66.66.205.157
698,Pail,Iacovone,piacovonejd@soundcloud.com,Male,43.37.245.253
699,Yale,Binny,ybinnyje@bbc.co.uk,Male,186.69.7.161
700,Tate,Blitzer,tblitzerjf@nytimes.com,Female,85.103.11.85
701,Chev,Grimestone,cgrimestonejg@google.ru,Male,167.48.110.64
702,Jesselyn,Radford,jradfordjh@issuu.com,Female,188.157.253.3
703,Nannie,Nano,nnanoji@marriott.com,Female,192.189.174.62
704,Avie,Oultram,aoultramjj@ucla.edu,Female,224.29.11.244
705,Shane,Ramas,sramasjk@cyberchimps.com,Male,52.139.93.254
706,Zoe,Gernier,zgernierjl@unblog.fr,Female,172.249.209.183
707,Susie,MacCaull,smaccaulljm@ft.com,Female,169.171.28.6
708,Burlie,Lavender,blavenderjn@etsy.com,Male,216.168.254.199
709,Lorene,Stanford,lstanfordjo@cpanel.net,Female,238.233.17.123
710,Tobe,Rowberry,trowberryjp@sohu.com,Female,125.236.56.123
711,Jeanne,MacConnell,jmacconnelljq@stanford.edu,Female,189.157.131.150
712,Joan,Mulryan,jmulryanjr@latimes.com,Female,238.174.0.148
713,Yoshi,Pyper,ypyperjs@hibu.com,Female,124.143.171.100
714,Honey,Newns,hnewnsjt@xrea.com,Female,227.243.228.241
715,Em,Manske,emanskeju@vinaora.com,Male,136.250.7.140
716,Kearney,Landreth,klandrethjv@last.fm,Male,94.90.35.26
717,Roseline,Sprowson,rsprowsonjw@seattletimes.com,Female,144.71.254.2
718,Bethany,Guirardin,bguirardinjx@e-recht24.de,Female,201.134.251.72
719,Alethea,Doog,adoogjy@prlog.org,Female,71.121.48.134
720,Saudra,Duggan,sdugganjz@paypal.com,Female,163.181.47.143
721,Bud,McCrum,bmccrumk0@amazonaws.com,Male,37.77.20.188
722,Tiffanie,Ogelsby,togelsbyk1@people.com.cn,Non-binary,53.81.120.194
723,Leroy,Oxborough,loxboroughk2@npr.org,Male,198.226.133.2
724,Ailene,Luthwood,aluthwoodk3@ihg.com,Female,3.84.148.91
725,Gregor,Rubinsztein,grubinszteink4@salon.com,Male,72.87.109.18
726,Roma,Debnam,rdebnamk5@163.com,Male,164.89.117.124
727,Nerita,Sweeting,nsweetingk6@europa.eu,Female,210.11.93.147
728,Flynn,Cornejo,fcornejok7@vinaora.com,Male,34.180.228.90
729,Angelle,Viggers,aviggersk8@goo.ne.jp,Female,12.50.67.62
730,Ramsay,Greenaway,rgreenawayk9@telegraph.co.uk,Male,10.172.52.65
731,Gregory,Bebb,gbebbka@exblog.jp,Male,207.37.29.127
732,Amalea,Hynde,ahyndekb@state.gov,Polygender,25.9.183.65
733,Corrine,Bauckham,cbauckhamkc@netvibes.com,Female,137.153.176.23
734,Harwilll,Atger,hatgerkd@cnbc.com,Male,47.128.62.242
735,Alika,Wallas,awallaske@ftc.gov,Female,155.43.42.84
736,Kathe,Andor,kandorkf@gizmodo.com,Female,228.167.143.240
737,Ives,Crumpe,icrumpekg@illinois.edu,Male,191.75.104.239
738,Merralee,Cawthera,mcawtherakh@blinklist.com,Female,130.179.114.39
739,Meridith,Bowden,mbowdenki@icq.com,Female,181.70.129.25
740,Cristobal,Kristoffersson,ckristofferssonkj@oakley.com,Male,114.148.23.12
741,Deirdre,Calvey,dcalveykk@illinois.edu,Female,10.20.132.48
742,Oberon,Rea,oreakl@posterous.com,Male,34.82.180.162
743,Adele,McQuorkell,amcquorkellkm@cloudflare.com,Female,51.27.43.181
744,Griffith,Serchwell,gserchwellkn@g.co,Male,39.84.102.213
745,Norton,Ensley,nensleyko@go.com,Male,196.4.95.132
746,Conni,Maddy,cmaddykp@jimdo.com,Female,41.209.251.73
747,Panchito,Rate,pratekq@soundcloud.com,Male,170.50.3.155
748,Glori,Fridd,gfriddkr@google.nl,Female,53.176.125.230
749,Jermayne,Bax,jbaxks@cisco.com,Male,167.253.48.75
750,Darcy,Troubridge,dtroubridgekt@vimeo.com,Agender,123.14.136.105
751,Andie,Aherne,aaherneku@addthis.com,Female,249.55.71.9
752,Penny,Marriage,pmarriagekv@patch.com,Male,186.182.174.83
753,Wendell,Reddy,wreddykw@addtoany.com,Agender,234.247.245.55
754,Tommie,Stroton,tstrotonkx@tinypic.com,Female,23.66.207.12
755,Beatrice,Farrin,bfarrinky@posterous.com,Female,119.160.89.45
756,Townie,Tinman,ttinmankz@cpanel.net,Male,56.103.133.54
757,Torre,O'Hartagan,tohartaganl0@cnbc.com,Male,175.245.179.93
758,Bastien,Ciraldo,bciraldol1@sfgate.com,Male,48.68.141.128
759,Charisse,Barkway,cbarkwayl2@answers.com,Female,33.161.216.30
760,Archaimbaud,Skelly,askellyl3@mediafire.com,Male,12.11.144.11
761,Ezechiel,Nuccii,enucciil4@cornell.edu,Male,183.153.224.196
762,Clayson,Banker,cbankerl5@ycombinator.com,Polygender,161.226.5.77
763,Fay,Leipold,fleipoldl6@gmpg.org,Polygender,161.33.125.31
764,Leoline,McKmurrie,lmckmurriel7@google.cn,Female,193.177.169.183
765,Garret,McNamara,gmcnamaral8@si.edu,Male,72.228.233.209
766,Billie,Perott,bperottl9@weibo.com,Male,6.159.105.208
767,Innis,Shackleford,ishacklefordla@surveymonkey.com,Male,80.73.77.84
768,Guglielmo,Gregolotti,ggregolottilb@bluehost.com,Male,180.184.241.168
769,Brynna,Carlesi,bcarlesilc@amazon.com,Polygender,21.56.161.18
770,Petronille,Weagener,pweagenerld@mysql.com,Female,81.59.59.127
771,Elias,Barribal,ebarriballe@merriam-webster.com,Male,47.67.57.55
772,Hilliary,Shearme,hshearmelf@cbslocal.com,Genderfluid,131.32.124.235
773,Haslett,Medmore,hmedmorelg@csmonitor.com,Male,47.156.103.178
774,Margareta,Lasseter,mlasseterlh@wordpress.com,Female,1.227.137.254
775,Saunder,Calam,scalamli@netlog.com,Male,183.229.2.133
776,Liva,Peddowe,lpeddowelj@miibeian.gov.cn,Female,219.212.18.85
777,Liz,Westell,lwestelllk@vinaora.com,Polygender,199.150.121.206
778,Genia,Mapham,gmaphamll@nba.com,Female,32.0.10.74
779,Adrianne,Belshaw,abelshawlm@so-net.ne.jp,Female,149.232.71.162
780,Garvin,Killner,gkillnerln@w3.org,Male,116.26.39.26
781,Ag,Pyrke,apyrkelo@uol.com.br,Female,132.231.8.66
782,Boycie,Abilowitz,babilowitzlp@yolasite.com,Male,82.188.5.97
783,Fleur,Caras,fcaraslq@elpais.com,Female,140.173.7.54
784,Vlad,Drakers,vdrakerslr@posterous.com,Male,14.73.119.171
785,Kassandra,Serchwell,kserchwellls@nsw.gov.au,Polygender,41.243.202.75
786,Kayne,Nassie,knassielt@angelfire.com,Male,44.115.34.161
787,Dorette,Mewha,dmewhalu@chicagotribune.com,Female,180.242.206.155
788,Berti,Gun,bgunlv@ebay.co.uk,Male,168.37.105.98
789,Eolande,Quinnette,equinnettelw@weibo.com,Agender,56.86.121.145
790,Marga,Roscher,mroscherlx@answers.com,Non-binary,6.189.63.0
791,Mirabella,Kennagh,mkennaghly@dot.gov,Female,173.147.145.30
792,Torrin,Ridgwell,tridgwelllz@studiopress.com,Male,37.44.13.188
793,Candida,Zolini,czolinim0@apple.com,Genderqueer,175.116.4.54
794,Darby,Aldgate,daldgatem1@printfriendly.com,Female,2.52.43.236
795,Lyman,Cumberbatch,lcumberbatchm2@ezinearticles.com,Male,105.205.49.100
796,Lorianne,Chancelier,lchancelierm3@walmart.com,Female,120.201.10.123
797,Nani,McCurtain,nmccurtainm4@hubpages.com,Female,249.150.112.0
798,Avictor,Fosken,afoskenm5@icio.us,Male,14.184.199.229
799,Urbano,Hatchard,uhatchardm6@google.ru,Male,8.59.6.66
800,Reese,Chastang,rchastangm7@ifeng.com,Male,127.15.155.101
801,Ive,Earie,ieariem8@acquirethisname.com,Male,36.207.251.161
802,Malissa,Cathie,mcathiem9@nps.gov,Female,252.29.48.177
803,Cathryn,Rudall,crudallma@huffingtonpost.com,Female,116.187.206.57
804,Carver,Pearde,cpeardemb@unc.edu,Male,254.78.130.234
805,Laurie,Latus,llatusmc@t-online.de,Male,7.174.210.72
806,Rupert,Mann,rmannmd@diigo.com,Male,230.177.42.15
807,Dennis,Kubacek,dkubacekme@yellowpages.com,Male,119.12.212.214
808,Isadora,Acuna,iacunamf@blog.com,Female,30.80.5.246
809,Dacy,Lewsley,dlewsleymg@unblog.fr,Female,115.187.82.26
810,Ellis,Manon,emanonmh@dailymotion.com,Polygender,30.147.115.102
811,Madelina,Daviddi,mdaviddimi@uol.com.br,Female,95.136.147.12
812,Aida,Tant,atantmj@posterous.com,Female,150.171.163.73
813,Josefa,Teasey,jteaseymk@themeforest.net,Female,153.69.121.159
814,Melonie,Rosewell,mrosewellml@huffingtonpost.com,Female,86.210.230.123
815,Marshall,Lakey,mlakeymm@addtoany.com,Male,209.5.146.12
816,Abbey,Iley,aileymn@kickstarter.com,Female,125.114.166.102
817,Merridie,Hansed,mhansedmo@elpais.com,Female,47.169.179.187
818,Lenard,Yglesia,lyglesiamp@ehow.com,Male,238.238.48.253
819,Reagan,Egle of Germany,regleofgermanymq@epa.gov,Male,94.124.9.158
820,Keefer,Bullough,kbulloughmr@sina.com.cn,Male,98.126.43.147
821,Alasteir,Strase,astrasems@amazonaws.com,Agender,201.71.115.94
822,Dennet,Brookfield,dbrookfieldmt@studiopress.com,Male,39.226.226.252
823,Dayle,Tremouille,dtremouillemu@utexas.edu,Female,247.200.85.97
824,Donnamarie,Wasiel,dwasielmv@marketwatch.com,Female,129.8.72.234
825,Orsola,Hawe,ohawemw@mayoclinic.com,Female,98.98.40.183
826,Taddeusz,Tegeller,ttegellermx@washingtonpost.com,Male,153.30.109.146
827,Nicholas,Sheppey,nsheppeymy@addtoany.com,Male,134.237.53.177
828,Pierson,Ruprecht,pruprechtmz@aol.com,Male,46.127.118.51
829,Wilone,Halfhead,whalfheadn0@tripod.com,Female,6.69.189.85
830,Sarene,Ramelet,srameletn1@dropbox.com,Female,232.189.41.74
831,Hollie,Creany,hcreanyn2@slate.com,Female,220.20.199.73
832,Daisie,Shipp,dshippn3@imgur.com,Female,175.146.63.98
833,Florencia,Nelane,fnelanen4@google.com.hk,Female,248.57.47.3
834,Mame,Hlavac,mhlavacn5@tiny.cc,Female,187.17.121.111
835,Robinette,Treves,rtrevesn6@hugedomains.com,Female,15.197.107.80
836,Inessa,Powers,ipowersn7@mayoclinic.com,Female,235.239.124.19
837,Josy,Fountain,jfountainn8@cbc.ca,Female,232.9.238.248
838,Quincey,World,qworldn9@topsy.com,Male,96.101.184.15
839,Oberon,Joy,ojoyna@mlb.com,Male,157.120.190.121
840,Jacenta,Puckrin,jpuckrinnb@oaic.gov.au,Female,245.157.194.77
841,Alyce,Lambrechts,alambrechtsnc@va.gov,Female,73.116.111.161
842,Hurley,Hook,hhooknd@china.com.cn,Male,166.195.132.189
843,Frasquito,Jaqueminet,fjaqueminetne@sphinn.com,Male,47.124.206.95
844,Lutero,Widdop,lwiddopnf@delicious.com,Male,192.199.96.195
845,Kora,Hansod,khansodng@1und1.de,Female,66.167.68.89
846,Korella,Philipps,kphilippsnh@redcross.org,Female,171.217.120.9
847,Friedrick,Peskin,fpeskinni@reference.com,Male,116.248.201.73
848,Clemmie,Pitman,cpitmannj@hugedomains.com,Female,210.193.160.36
849,Farlee,Huyton,fhuytonnk@jugem.jp,Male,74.181.243.97
850,Halimeda,Palatino,hpalatinonl@apple.com,Female,241.90.232.164
851,Daron,Try,dtrynm@instagram.com,Female,119.40.213.185
852,Amalee,Szimon,aszimonnn@sakura.ne.jp,Polygender,6.239.128.2
853,Del,Raiment,draimentno@sohu.com,Bigender,184.66.242.243
854,Addie,Govey,agoveynp@independent.co.uk,Female,8.138.253.80
855,Leandra,Osbidston,losbidstonnq@bloglovin.com,Female,226.218.107.7
856,Jules,MacPeake,jmacpeakenr@about.me,Male,80.169.234.98
857,Kerianne,Hardistry,khardistryns@virginia.edu,Female,127.52.197.33
858,Hart,Gerhold,hgerholdnt@statcounter.com,Male,116.162.55.145
859,Ernst,Waud,ewaudnu@linkedin.com,Male,117.94.227.14
860,Latia,Broxup,lbroxupnv@guardian.co.uk,Polygender,21.198.207.74
861,Ethelda,Eggerton,eeggertonnw@elpais.com,Genderqueer,222.69.137.67
862,Sean,Couronne,scouronnenx@disqus.com,Female,39.99.0.231
863,Jermaine,Dunthorn,jdunthornny@apache.org,Female,87.8.150.237
864,Philly,Kirwan,pkirwannz@photobucket.com,Female,230.97.6.127
865,Nalani,Turfin,nturfino0@earthlink.net,Female,144.201.158.77
866,Toby,Pury,tpuryo1@businesswire.com,Male,109.151.134.45
867,Constantin,Fieldsend,cfieldsendo2@simplemachines.org,Male,140.96.61.113
868,Jessie,Gibby,jgibbyo3@ucla.edu,Male,85.48.76.254
869,Kenyon,Probyn,kprobyno4@phpbb.com,Male,66.95.63.12
870,Nicol,Drought,ndroughto5@xinhuanet.com,Genderqueer,167.226.119.129
871,Tuesday,Itzcovich,titzcovicho6@meetup.com,Female,196.205.213.153
872,Griff,Littlewood,glittlewoodo7@issuu.com,Male,142.135.146.102
873,Vivianna,Rennox,vrennoxo8@so-net.ne.jp,Non-binary,233.68.8.201
874,Lockwood,Poveleye,lpoveleyeo9@state.tx.us,Male,88.102.90.137
875,Humfrid,Cardew,hcardewoa@bbb.org,Male,190.161.243.107
876,Ariella,Lorenzin,alorenzinob@wikia.com,Female,207.8.87.64
877,Bethena,Hazelhurst,bhazelhurstoc@wisc.edu,Female,46.255.230.218
878,Boy,Cumberlidge,bcumberlidgeod@barnesandnoble.com,Male,197.19.106.248
879,Margeaux,Bolingbroke,mbolingbrokeoe@youku.com,Female,242.48.176.203
880,Udall,Bayley,ubayleyof@tripadvisor.com,Male,242.112.139.175
881,Faustina,Baigent,fbaigentog@msu.edu,Female,142.78.18.230
882,Shanta,Beadell,sbeadelloh@mozilla.com,Female,85.88.175.228
883,Estell,Brownbill,ebrownbilloi@opera.com,Female,153.76.172.31
884,Ertha,Bodocs,ebodocsoj@arizona.edu,Female,143.238.247.49
885,Jackson,Emmines,jemminesok@upenn.edu,Male,114.51.13.208
886,Livy,Baldrey,lbaldreyol@google.co.jp,Agender,183.9.240.143
887,Mab,Dailey,mdaileyom@fastcompany.com,Female,2.181.9.93
888,Isacco,Shoppee,ishoppeeon@google.pl,Male,150.41.77.223
889,Frannie,Mayer,fmayeroo@1und1.de,Female,161.25.48.244
890,Donall,Karp,dkarpop@google.it,Male,194.108.202.43
891,Rene,Gonin,rgoninoq@newsvine.com,Male,143.200.185.59
892,Rhonda,Cracie,rcracieor@cocolog-nifty.com,Female,238.101.38.7
893,Jaclyn,Zavattiero,jzavattieroos@disqus.com,Female,228.140.18.0
894,Yorker,Dodsworth,ydodsworthot@vimeo.com,Genderqueer,116.71.134.6
895,Ricoriki,Kaplin,rkaplinou@amazonaws.com,Male,162.119.89.24
896,Tulley,Vaulkhard,tvaulkhardov@statcounter.com,Male,196.64.38.115
897,Rube,Haker,rhakerow@furl.net,Male,63.185.198.16
898,Xena,Greenwood,xgreenwoodox@theglobeandmail.com,Female,214.229.107.121
899,Sascha,Borzone,sborzoneoy@narod.ru,Male,170.153.11.6
900,Ally,Lovel,aloveloz@slate.com,Female,104.75.136.13
901,Ashlin,Comusso,acomussop0@ning.com,Male,188.91.238.187
902,Geno,Sissland,gsisslandp1@unesco.org,Male,235.115.43.29
903,Carlee,Esposito,cespositop2@lycos.com,Female,252.46.96.31
904,Lancelot,Elham,lelhamp3@homestead.com,Male,103.174.28.253
905,Ram,Richards,rrichardsp4@epa.gov,Male,108.163.23.141
906,Oneida,Boyat,oboyatp5@wordpress.com,Female,235.161.108.168
907,Grenville,Donahue,gdonahuep6@techcrunch.com,Genderfluid,209.163.7.255
908,Johann,Musk,jmuskp7@newsvine.com,Male,155.29.14.6
909,Ninette,Loving,nlovingp8@biblegateway.com,Female,20.108.208.200
910,Georgeta,Flaune,gflaunep9@admin.ch,Female,185.142.99.141
911,Chastity,Grabb,cgrabbpa@umich.edu,Non-binary,129.180.216.131
912,Van,Valente,vvalentepb@youku.com,Male,207.136.57.147
913,Charlotte,Hartly,chartlypc@instagram.com,Female,65.220.111.50
914,Bryon,Fishley,bfishleypd@google.com.hk,Male,64.165.207.76
915,Emma,O'Keeffe,eokeeffepe@reuters.com,Female,136.14.68.217
916,Kriste,Larkcum,klarkcumpf@ustream.tv,Female,165.104.81.123
917,Alonzo,Borgne,aborgnepg@cnet.com,Male,7.45.18.71
918,Julianna,Tuffin,jtuffinph@shinystat.com,Female,234.43.199.123
919,Hinda,Wehner,hwehnerpi@un.org,Female,87.135.207.52
920,Mercedes,Deek,mdeekpj@yandex.ru,Female,193.27.57.172
921,Bab,Speaks,bspeakspk@loc.gov,Female,36.169.94.51
922,Sissy,Ablott,sablottpl@dailymotion.com,Female,143.49.18.215
923,Ella,Lesly,eleslypm@oaic.gov.au,Female,135.17.69.168
924,Ayn,Gascoyne,agascoynepn@symantec.com,Female,110.225.72.124
925,Joane,Lackeye,jlackeyepo@statcounter.com,Female,88.87.118.74
926,Thacher,Magister,tmagisterpp@icq.com,Male,130.186.207.61
927,Harriett,Greene,hgreenepq@plala.or.jp,Polygender,0.228.5.150
928,Alec,Eouzan,aeouzanpr@tuttocitta.it,Male,67.1.254.254
929,Aura,Rowswell,arowswellps@yellowpages.com,Female,75.38.230.37
930,Lavinia,Hellard,lhellardpt@godaddy.com,Female,93.211.178.243
931,Sky,Ferriby,sferribypu@forbes.com,Male,1.74.48.195
932,Stewart,Turle,sturlepv@alexa.com,Male,172.154.147.109
933,Dredi,Sam,dsampw@mysql.com,Female,172.147.111.22
934,Nell,Gookey,ngookeypx@nps.gov,Female,237.174.98.162
935,Bethena,Morritt,bmorrittpy@admin.ch,Female,101.93.64.25
936,Gill,Petronis,gpetronispz@ftc.gov,Female,82.170.180.193
937,Elsa,Leaman,eleamanq0@prweb.com,Female,91.42.140.187
938,Enriqueta,Selwyn,eselwynq1@scientificamerican.com,Female,133.247.58.8
939,Bernelle,Yacob,byacobq2@netscape.com,Female,214.193.178.32
940,Gui,Caselli,gcaselliq3@sina.com.cn,Female,86.85.244.143
941,Davis,Foran,dforanq4@abc.net.au,Male,206.84.217.243
942,Leontyne,Lanston,llanstonq5@oaic.gov.au,Female,129.179.193.43
943,Nehemiah,Patrie,npatrieq6@irs.gov,Male,126.187.113.176
944,Morganne,Heeps,mheepsq7@imageshack.us,Female,185.55.251.254
945,Clay,Copas,ccopasq8@npr.org,Male,59.247.251.111
946,Emanuele,Speariett,espeariettq9@xing.com,Male,52.121.189.11
947,Mira,Boecke,mboeckeqa@cpanel.net,Female,52.203.191.87
948,Janetta,Shower,jshowerqb@quantcast.com,Female,109.217.42.40
949,Chalmers,D'Ambrosio,cdambrosioqc@list-manage.com,Male,216.200.167.144
950,Selina,Spurriar,sspurriarqd@ask.com,Non-binary,189.21.100.236
951,Mabelle,Bullingham,mbullinghamqe@businessweek.com,Female,160.33.179.105
952,Bertie,Aps,bapsqf@cargocollective.com,Male,152.216.155.30
953,Cointon,Momery,cmomeryqg@apple.com,Male,150.206.183.193
954,Ardra,Deviney,adevineyqh@sfgate.com,Female,124.239.149.49
955,Grange,Ozanne,gozanneqi@cbslocal.com,Male,51.20.209.211
956,Jacquelynn,Duplock,jduplockqj@icio.us,Genderfluid,245.218.134.92
957,Kiley,Springthorp,kspringthorpqk@google.fr,Male,85.53.206.105
958,Kimball,Anshell,kanshellql@jiathis.com,Male,51.146.26.81
959,Lotti,Jellicorse,ljellicorseqm@who.int,Agender,92.88.238.115
960,Ardella,Fewell,afewellqn@columbia.edu,Genderfluid,80.110.209.212
961,Nealon,Dudson,ndudsonqo@netlog.com,Male,204.99.7.91
962,Edwin,Dullingham,edullinghamqp@usda.gov,Male,115.185.213.37
963,Salvatore,Forrest,sforrestqq@sina.com.cn,Male,170.146.235.18
964,Hashim,Brotherwood,hbrotherwoodqr@youtube.com,Male,167.185.211.91
965,Kerwinn,Renackowna,krenackownaqs@cbsnews.com,Male,169.211.210.177
966,Merrill,Colecrough,mcolecroughqt@elegantthemes.com,Male,16.245.204.40
967,Lidia,Rosier,lrosierqu@zdnet.com,Female,120.127.88.35
968,Xenos,Doerffer,xdoerfferqv@istockphoto.com,Genderqueer,18.92.44.23
969,Sidonia,Travis,stravisqw@mlb.com,Female,189.69.161.170
970,Blayne,Camilio,bcamilioqx@ucsd.edu,Male,102.29.11.234
971,Aliza,Josselson,ajosselsonqy@4shared.com,Female,228.92.42.187
972,Dinah,Kollas,dkollasqz@tamu.edu,Polygender,216.4.177.114
973,Marthe,Gaw,mgawr0@washingtonpost.com,Female,11.56.121.162
974,Jessee,Teale,jtealer1@upenn.edu,Male,243.139.92.195
975,Terri-jo,Timewell,ttimewellr2@w3.org,Female,53.97.30.30
976,Kile,Scarratt,kscarrattr3@canalblog.com,Male,137.193.1.68
977,Heinrick,Hamfleet,hhamfleetr4@apache.org,Male,29.249.83.69
978,Daron,Dobbie,ddobbier5@4shared.com,Male,51.93.146.44
979,Cesar,Cauley,ccauleyr6@house.gov,Male,130.251.216.46
980,Betty,Kingwell,bkingwellr7@mapy.cz,Female,129.180.98.252
981,Putnam,Daish,pdaishr8@printfriendly.com,Male,25.177.2.86
982,Loydie,Borer,lborerr9@google.com.br,Male,72.100.93.183
983,Gideon,Marielle,gmariellera@etsy.com,Male,30.255.45.86
984,Maxwell,Pendlenton,mpendlentonrb@virginia.edu,Male,2.54.73.247
985,Iago,Iorns,iiornsrc@foxnews.com,Male,19.192.234.182
986,Tabbitha,Itzhak,titzhakrd@techcrunch.com,Female,143.14.105.33
987,Rachele,Crockatt,rcrockattre@soup.io,Genderfluid,221.148.97.111
988,Marnia,Delacote,mdelacoterf@taobao.com,Bigender,144.229.184.114
989,Torey,Love,tloverg@elpais.com,Female,122.4.128.17
990,Shurlocke,Deane,sdeanerh@jiathis.com,Male,171.191.18.228
991,Hendrik,Rash,hrashri@typepad.com,Male,101.215.166.96
992,Ann-marie,Ludovici,aludovicirj@imgur.com,Female,193.20.106.192
993,Meris,Dunnico,mdunnicork@sitemeter.com,Female,247.33.89.91
994,Raphael,Glazebrook,rglazebrookrl@quantcast.com,Non-binary,211.35.158.4
995,Marcel,Battleson,mbattlesonrm@friendfeed.com,Male,129.58.183.144
996,Annaliese,Deval,adevalrn@narod.ru,Female,34.70.254.247
997,Courtnay,Hiom,chiomro@nydailynews.com,Male,1.181.66.210
998,Roxine,Sherrum,rsherrumrp@addthis.com,Female,154.5.64.231
999,Augustine,Delamaine,adelamainerq@yahoo.co.jp,Male,86.230.154.137
1000,Wyndham,Schankel,wschankelrr@github.io,Bigender,128.184.252.215
