Id_scientist,first_name,last_name,email,gender,ip_address
1,Milly,Twidle,mtwidle0@sohu.com,Female,44.54.223.96
2,Dyanna,Cardow,dcardow1@zdnet.com,Female,75.22.172.184
3,Vladamir,Tyght,vtyght2@columbia.edu,Male,239.78.201.193
4,Yurik,McIlwreath,ymcilwreath3@php.net,Male,247.245.182.205
5,Cherri,Doud,cdoud4@microsoft.com,Female,211.109.29.52
6,Sheffield,Abbot,sabbot5@multiply.com,Male,147.132.49.245
7,Rozella,Windrus,rwindrus6@1688.com,Female,112.197.99.91
8,Jennee,Roxburgh,jroxburgh7@about.me,Female,217.5.218.63
9,Leigh,Pembridge,lpembridge8@theatlantic.com,Male,155.27.132.35
10,Julita,Zannetti,jzannetti9@instagram.com,Female,250.154.55.102
11,Farrell,Hardy,fhardya@ed.gov,Male,178.157.143.177
12,Merrile,Bracchi,mbracchib@fc2.com,Non-binary,242.55.35.106
13,Lezley,Frangleton,lfrangletonc@senate.gov,Male,230.161.101.199
14,Joan,Baum,jbaumd@istockphoto.com,Female,253.125.2.218
15,Krisha,Saing,ksainge@drupal.org,Male,102.197.32.4
16,Cort,Levane,clevanef@dyndns.org,Male,142.228.233.231
17,Arden,Guisby,aguisbyg@examiner.com,Female,16.234.154.45
18,Dodie,Morrel,dmorrelh@princeton.edu,Female,72.111.154.14
19,Donica,Brissenden,dbrissendeni@elegantthemes.com,Female,149.221.117.128
20,Aristotle,Kett,akettj@geocities.com,Male,166.229.88.141
21,Paton,Tresvina,ptresvinak@hugedomains.com,Male,147.60.36.229
22,Nobe,Andryszczak,nandryszczakl@cocolog-nifty.com,Male,220.73.219.158
23,Kiley,Kennler,kkennlerm@nifty.com,Male,248.241.201.155
24,Berky,Pimley,bpimleyn@elegantthemes.com,Male,70.4.47.155
25,Caro,Rouge,crougeo@psu.edu,Female,112.22.99.117
26,Reina,Finnigan,rfinniganp@accuweather.com,Female,48.94.210.152
27,Stacie,Tirrell,stirrellq@techcrunch.com,Bigender,45.75.214.85
28,Shaun,Casero,scaseror@example.com,Male,206.89.55.199
29,Conny,Vautier,cvautiers@forbes.com,Male,187.104.36.98
30,Jenine,Stallon,jstallont@ted.com,Female,12.90.22.127
31,Viv,Bruffell,vbruffellu@surveymonkey.com,Female,59.193.111.26
32,Ami,Barstowk,abarstowkv@salon.com,Female,226.129.243.10
33,Jany,Carrane,jcarranew@odnoklassniki.ru,Female,161.235.213.137
34,Katharyn,Melladew,kmelladewx@usnews.com,Female,104.11.160.46
35,Jerrilee,Laurance,jlaurancey@typepad.com,Female,8.177.94.220
36,Durward,Yurtsev,dyurtsevz@biglobe.ne.jp,Polygender,131.163.41.255
37,Enoch,Grigoriscu,egrigoriscu10@google.co.uk,Male,155.75.118.238
38,Ludwig,Bestall,lbestall11@hatena.ne.jp,Polygender,49.20.101.147
39,Adrea,Liebrecht,aliebrecht12@vk.com,Female,198.93.35.248
40,Arron,Tremblot,atremblot13@mtv.com,Male,77.242.137.163
41,Helsa,Tubbles,htubbles14@sina.com.cn,Female,77.94.76.164
42,My,McEnhill,mmcenhill15@scribd.com,Male,242.158.112.251
43,Marylou,Carr,mcarr16@microsoft.com,Female,223.191.159.214
44,Onfre,Ealam,oealam17@auda.org.au,Male,239.184.26.177
45,Suzie,Yearnsley,syearnsley18@example.com,Female,16.200.190.233
46,Keenan,Rodnight,krodnight19@webnode.com,Male,114.234.142.172
47,Maridel,Bethune,mbethune1a@shareasale.com,Female,88.73.114.168
48,Dwain,Consadine,dconsadine1b@scientificamerican.com,Male,78.194.251.70
49,Jobie,Calbreath,jcalbreath1c@sakura.ne.jp,Female,197.33.121.150
50,Cherrita,Rawdales,crawdales1d@washingtonpost.com,Female,24.52.208.145
51,Corilla,Askwith,caskwith1e@spiegel.de,Female,35.253.0.199
52,Errol,Harme,eharme1f@list-manage.com,Male,159.189.57.38
53,Grantley,Reignould,greignould1g@bandcamp.com,Male,185.8.135.131
54,Juliette,Bessell,jbessell1h@gmpg.org,Female,221.117.141.19
55,Ginger,Demke,gdemke1i@blog.com,Male,251.14.54.44
56,Chanda,Terne,cterne1j@ox.ac.uk,Female,125.151.56.198
57,Rhodia,Simmank,rsimmank1k@123-reg.co.uk,Female,115.190.126.145
58,Tresa,Dunstall,tdunstall1l@mapquest.com,Genderfluid,55.157.166.17
59,Geralda,Wevell,gwevell1m@senate.gov,Female,17.151.166.167
60,Davin,Calderwood,dcalderwood1n@devhub.com,Male,233.151.187.201
61,Boy,Byford,bbyford1o@taobao.com,Male,220.255.43.4
62,Engelbert,Simes,esimes1p@accuweather.com,Male,146.148.200.181
63,Bibbye,Cardon,bcardon1q@si.edu,Female,133.58.210.122
64,Letisha,Willison,lwillison1r@homestead.com,Female,147.142.41.218
65,Ellen,Packham,epackham1s@sbwire.com,Female,43.165.96.2
66,Brew,Vaughten,bvaughten1t@simplemachines.org,Male,162.158.180.70
67,Laverne,Saphin,lsaphin1u@xing.com,Female,102.220.65.37
68,Ewart,Braunle,ebraunle1v@utexas.edu,Male,243.76.239.219
69,Cristal,Mariner,cmariner1w@nydailynews.com,Non-binary,56.56.244.106
70,Maegan,Chaplyn,mchaplyn1x@google.it,Female,177.163.215.184
71,Homere,Barukh,hbarukh1y@about.com,Male,230.106.33.224
72,Huntington,Muckle,hmuckle1z@trellian.com,Male,170.126.58.174
73,Natassia,Zanneli,nzanneli20@mlb.com,Female,25.96.19.104
74,Neall,McGowan,nmcgowan21@gnu.org,Male,106.195.68.166
75,Mart,Wakley,mwakley22@vistaprint.com,Male,101.229.117.248
76,Axe,Vodden,avodden23@paginegialle.it,Male,145.5.204.172
77,Leroi,Vian,lvian24@hud.gov,Male,226.31.217.87
78,Toiboid,Livingston,tlivingston25@cargocollective.com,Male,37.162.117.40
79,Law,McCulloch,lmcculloch26@umich.edu,Male,56.99.8.72
80,Alanson,Snaddon,asnaddon27@themeforest.net,Male,118.142.17.79
81,Virgie,Streets,vstreets28@jimdo.com,Polygender,16.251.12.69
82,Christy,Vane,cvane29@fda.gov,Agender,249.115.199.235
83,Jethro,Dorset,jdorset2a@census.gov,Male,18.53.222.83
84,Maria,Lyfe,mlyfe2b@earthlink.net,Female,198.44.62.11
85,Hamnet,Boshard,hboshard2c@apache.org,Genderfluid,18.91.55.106
86,Ephrem,Steffens,esteffens2d@wired.com,Bigender,28.205.253.111
87,Carolina,Jurczik,cjurczik2e@ocn.ne.jp,Female,164.118.212.244
88,Witty,Muldownie,wmuldownie2f@scientificamerican.com,Male,45.215.162.57
89,Larine,Sircombe,lsircombe2g@smugmug.com,Female,28.16.43.186
90,Renee,Choldcroft,rcholdcroft2h@europa.eu,Female,247.159.167.26
91,Vivie,Slidders,vslidders2i@geocities.jp,Female,38.147.127.202
92,Joelie,Simmons,jsimmons2j@statcounter.com,Female,25.45.97.83
93,Jarrod,Bartol,jbartol2k@engadget.com,Male,80.74.86.91
94,Lorelei,Hefner,lhefner2l@nps.gov,Female,107.21.244.198
95,Nicholle,Portam,nportam2m@paginegialle.it,Female,182.89.234.105
96,Franky,Eyles,feyles2n@ihg.com,Male,67.68.97.171
97,Kizzee,Champken,kchampken2o@sourceforge.net,Female,137.105.251.247
98,Malinda,Gilvary,mgilvary2p@nhs.uk,Female,237.249.197.187
99,Scarlet,Gouly,sgouly2q@google.com.hk,Female,244.196.254.68
100,Andi,Fuge,afuge2r@vk.com,Female,141.122.202.91
